id,first_name,last_name,email,gender,ip_address
1,Hannis,Verrill,hverrill0@cyberchimps.com,Female,225.28.88.236
2,Algernon,Southerton,asoutherton1@exblog.jp,Male,44.57.68.117
3,Nikita,Harral,nharral2@woothemes.com,Male,231.242.170.49
4,Emyle,Pedri,epedri3@gov.uk,Female,247.175.4.120
5,Ainslie,Amdohr,aamdohr4@reddit.com,Female,30.78.164.10
6,Rochella,Grebbin,rgrebbin5@yellowpages.com,Female,183.252.92.227
7,Lanae,Garroway,lgarroway6@auda.org.au,Female,46.156.66.25
8,Farris,Cafferky,fcafferky7@sfgate.com,Male,202.56.68.94
9,My,Bruckman,mbruckman8@ameblo.jp,Male,72.213.72.0
10,Bank,McEwen,bmcewen9@cnbc.com,Male,176.63.21.238
11,Joann,Hurll,jhurlla@hubpages.com,Female,237.207.74.199
12,Shea,Morfield,smorfieldb@weather.com,Female,199.219.159.23
13,Bentlee,Riccelli,briccellic@meetup.com,Male,9.146.110.140
14,Ricki,Ballingal,rballingald@bigcartel.com,Female,232.43.133.215
15,Tonnie,Duffet,tduffete@yellowpages.com,Male,101.232.56.152
16,Devina,Trevallion,dtrevallionf@dion.ne.jp,Female,127.95.171.247
17,Jerrold,Bearham,jbearhamg@washington.edu,Male,218.74.32.180
18,Royall,Klaas,rklaash@privacy.gov.au,Male,70.202.175.243
19,Brendon,Reddihough,breddihoughi@shareasale.com,Male,50.243.179.25
20,Ianthe,Abadam,iabadamj@answers.com,Female,33.132.105.123
21,Greggory,Bidewell,gbidewellk@hostgator.com,Male,45.116.250.63
22,Elfie,Wilce,ewilcel@hatena.ne.jp,Female,118.250.40.30
23,Killy,Soreau,ksoreaum@nymag.com,Male,242.70.20.79
24,Randy,Coleyshaw,rcoleyshawn@apple.com,Female,45.49.67.138
25,Jacques,Seale,jsealeo@tinypic.com,Male,142.76.214.164
26,Mariejeanne,Burker,mburkerp@fastcompany.com,Female,105.5.120.75
27,Quintina,Wellard,qwellardq@businessweek.com,Female,137.46.147.173
28,Cchaddie,Ruspine,cruspiner@merriam-webster.com,Male,216.234.59.136
29,Amie,Ferrino,aferrinos@pinterest.com,Female,199.254.244.228
30,Manfred,Cassimer,mcassimert@imgur.com,Male,172.210.129.29
31,Orella,McFeat,omcfeatu@globo.com,Female,58.27.66.26
32,Neill,Vel,nvelv@google.ca,Male,195.201.132.180
33,Nelia,Spennock,nspennockw@spiegel.de,Female,253.206.101.39
34,Claudina,Downage,cdownagex@icq.com,Female,47.55.224.207
35,Frederic,Basill,fbasilly@infoseek.co.jp,Male,227.88.130.47
36,Ambur,Mackerness,amackernessz@bing.com,Female,50.112.24.212
37,Carmina,Oxherd,coxherd10@a8.net,Female,99.44.51.167
38,Regen,Stride,rstride11@etsy.com,Male,6.221.134.238
39,Randy,Tomaskunas,rtomaskunas12@barnesandnoble.com,Female,240.178.200.25
40,Nicko,Drane,ndrane13@hostgator.com,Male,150.47.243.140
41,Jerrylee,Robens,jrobens14@mapquest.com,Female,102.225.251.87
42,Pascal,Madigan,pmadigan15@fda.gov,Male,193.73.179.165
43,Alasteir,Minshall,aminshall16@google.de,Male,203.208.118.224
44,Tabor,Hulburd,thulburd17@hud.gov,Male,147.154.152.136
45,Rhodie,Spivie,rspivie18@chronoengine.com,Female,100.154.213.132
46,Jeremias,Raddin,jraddin19@storify.com,Male,177.2.206.72
47,Bancroft,Cupitt,bcupitt1a@economist.com,Male,151.7.215.64
48,Jerrie,Tyre,jtyre1b@unc.edu,Male,250.126.188.226
49,Merry,Marriot,mmarriot1c@vinaora.com,Male,50.254.16.108
50,Wini,Lumly,wlumly1d@ftc.gov,Female,24.76.194.231
51,Aymer,Jillitt,ajillitt1e@pinterest.com,Male,79.75.32.110
52,Baillie,Antognoni,bantognoni1f@shutterfly.com,Male,35.145.252.37
53,Jamie,Crips,jcrips1g@samsung.com,Male,46.203.143.41
54,Denna,Hunnicutt,dhunnicutt1h@wikimedia.org,Female,71.167.244.42
55,Berke,Couldwell,bcouldwell1i@creativecommons.org,Male,113.122.82.74
56,Rance,McKeney,rmckeney1j@purevolume.com,Male,140.135.244.103
57,Dael,Nobes,dnobes1k@51.la,Female,100.178.49.39
58,Moss,Kennea,mkennea1l@privacy.gov.au,Male,45.19.135.16
59,Terencio,Triner,ttriner1m@dyndns.org,Male,115.235.246.21
60,Les,Figgures,lfiggures1n@networksolutions.com,Male,207.193.42.19
61,Morton,Finnis,mfinnis1o@comcast.net,Male,104.165.15.101
62,Wallie,Tourot,wtourot1p@meetup.com,Male,204.48.161.221
63,Roxanne,Walkling,rwalkling1q@barnesandnoble.com,Female,240.238.48.6
64,Claudetta,Loram,cloram1r@goo.gl,Female,182.52.195.12
65,Ekaterina,Gemlbett,egemlbett1s@mysql.com,Female,223.162.19.185
66,Avery,Egle of Germany,aegleofgermany1t@mlb.com,Male,170.122.82.203
67,Gery,Heaysman,gheaysman1u@typepad.com,Male,235.189.182.226
68,Stephan,Loveitt,sloveitt1v@gizmodo.com,Male,69.28.122.217
69,Alvera,Armstead,aarmstead1w@businessweek.com,Female,65.24.106.106
70,Nanine,Westman,nwestman1x@list-manage.com,Female,113.42.156.140
71,Natale,Salvadori,nsalvadori1y@multiply.com,Male,26.175.112.60
72,Ethel,Sydney,esydney1z@google.cn,Female,68.171.31.198
73,Oby,Gillison,ogillison20@booking.com,Male,19.175.1.40
74,Derrick,Lafee,dlafee21@discuz.net,Male,215.63.132.119
75,Norbie,Tilson,ntilson22@tinyurl.com,Male,155.29.106.56
76,Carlye,Leads,cleads23@mashable.com,Female,131.161.248.227
77,Chris,Dryden,cdryden24@elpais.com,Female,66.28.16.234
78,Lucy,Giveen,lgiveen25@nationalgeographic.com,Female,60.69.229.147
79,Sherwood,Diego,sdiego26@state.tx.us,Male,83.199.173.237
80,Lurline,Puddle,lpuddle27@google.de,Female,250.176.183.237
81,Saree,Kurten,skurten28@walmart.com,Female,108.165.220.122
82,Pandora,Whissell,pwhissell29@java.com,Female,186.178.135.8
83,Madelyn,Bertholin,mbertholin2a@ezinearticles.com,Female,211.173.61.72
84,Wallis,George,wgeorge2b@yolasite.com,Female,220.128.159.34
85,Gardner,McAlpine,gmcalpine2c@a8.net,Male,149.119.206.77
86,Josiah,McGoon,jmcgoon2d@home.pl,Male,136.91.68.165
87,Lise,Luckett,lluckett2e@weather.com,Female,175.133.202.45
88,Batholomew,Butters,bbutters2f@scribd.com,Male,81.158.241.172
89,Cinnamon,Juszczak,cjuszczak2g@nsw.gov.au,Female,126.138.131.116
90,Sara,Gopsall,sgopsall2h@zdnet.com,Female,138.150.30.93
91,Lucio,Lemanu,llemanu2i@netvibes.com,Male,185.120.162.134
92,Raviv,Scandrite,rscandrite2j@salon.com,Male,17.216.165.234
93,Alic,Gerretsen,agerretsen2k@oracle.com,Male,73.236.12.246
94,Corliss,Elner,celner2l@4shared.com,Female,104.7.215.128
95,Adham,Btham,abtham2m@wufoo.com,Male,240.135.230.57
96,Micheline,Bassilashvili,mbassilashvili2n@google.com.br,Female,59.123.165.69
97,Keane,Hanssmann,khanssmann2o@springer.com,Male,79.109.53.156
98,Oliviero,Carswell,ocarswell2p@nydailynews.com,Male,180.33.35.70
99,Prinz,Ethridge,pethridge2q@chron.com,Male,159.112.228.219
100,Raina,Snawdon,rsnawdon2r@timesonline.co.uk,Female,137.169.10.54
101,Abigael,Esland,aesland2s@vk.com,Female,83.12.189.10
102,Ernestus,Eilles,eeilles2t@auda.org.au,Male,157.53.178.39
103,Ruth,Glisane,rglisane2u@squidoo.com,Female,228.121.162.218
104,Murdoch,Habbershon,mhabbershon2v@hexun.com,Male,55.198.137.180
105,Edvard,Mullenger,emullenger2w@sciencedaily.com,Male,79.105.177.190
106,Emelyne,Janeway,ejaneway2x@fda.gov,Female,170.158.107.151
107,Hastie,Dongate,hdongate2y@xrea.com,Male,197.44.123.112
108,Didi,Beidebeke,dbeidebeke2z@wsj.com,Female,228.187.252.152
109,Livvie,Bootherstone,lbootherstone30@pinterest.com,Female,132.42.205.219
110,Ardelis,Leaning,aleaning31@indiegogo.com,Female,68.183.167.162
111,Darnall,Baldrick,dbaldrick32@amazon.com,Male,122.247.161.12
112,Suki,Carwardine,scarwardine33@globo.com,Female,50.67.195.125
113,Gaile,Blaschke,gblaschke34@e-recht24.de,Male,200.122.238.214
114,Sasha,Tourry,stourry35@cbc.ca,Male,102.232.185.28
115,Davy,Batte,dbatte36@alexa.com,Male,97.93.181.161
116,Twyla,Craisford,tcraisford37@google.ru,Female,250.149.47.247
117,Obie,Hawick,ohawick38@spotify.com,Male,33.246.109.234
118,Hunt,Weekley,hweekley39@topsy.com,Male,166.127.101.116
119,Allix,Rosen,arosen3a@furl.net,Female,14.64.6.70
120,Gregoire,Doonican,gdoonican3b@webs.com,Male,176.187.198.82
121,Antons,Partener,apartener3c@vimeo.com,Male,94.80.11.83
122,Marwin,Affron,maffron3d@ifeng.com,Male,138.195.159.54
123,Pooh,Bulgen,pbulgen3e@discuz.net,Male,119.83.132.10
124,Felix,Rosenblath,frosenblath3f@ftc.gov,Male,109.197.179.98
125,Yance,Haysman,yhaysman3g@youtube.com,Male,112.120.228.19
126,Taddeusz,Balm,tbalm3h@nifty.com,Male,15.193.81.125
127,Vannie,Sandercock,vsandercock3i@google.ca,Female,236.89.253.235
128,Morris,Brabbins,mbrabbins3j@constantcontact.com,Male,14.241.88.179
129,Hali,Sturzaker,hsturzaker3k@tuttocitta.it,Female,151.238.221.46
130,Krystalle,Caughan,kcaughan3l@wordpress.com,Female,240.46.251.113
131,Deonne,Wassell,dwassell3m@example.com,Female,92.126.170.207
132,Terri-jo,Poulden,tpoulden3n@narod.ru,Female,122.113.176.116
133,Carleton,Graffham,cgraffham3o@seesaa.net,Male,33.198.53.35
134,Ode,Enion,oenion3p@comcast.net,Male,4.237.18.180
135,Aleece,Tremollet,atremollet3q@pcworld.com,Female,232.165.66.156
136,Reggie,Tettersell,rtettersell3r@skyrock.com,Male,139.147.117.238
137,Randolf,Salvadore,rsalvadore3s@mit.edu,Male,236.115.86.180
138,Kale,Harcase,kharcase3t@mozilla.org,Male,146.249.52.180
139,Sherm,Fallawe,sfallawe3u@is.gd,Male,33.113.53.251
140,Ashien,Tolle,atolle3v@reddit.com,Female,68.178.74.161
141,Emogene,Berriball,eberriball3w@mayoclinic.com,Female,29.186.224.15
142,Adele,Rymill,arymill3x@livejournal.com,Female,159.208.11.161
143,Pammie,Calway,pcalway3y@netlog.com,Female,158.245.168.232
144,Jordon,Skells,jskells3z@dell.com,Male,72.69.87.161
145,Cordelia,Brahmer,cbrahmer40@independent.co.uk,Female,243.240.63.178
146,Keri,Horche,khorche41@deviantart.com,Female,129.12.210.39
147,Carroll,Totterdell,ctotterdell42@blog.com,Female,155.201.237.11
148,Lainey,Choake,lchoake43@t-online.de,Female,188.128.0.177
149,Laurence,Lipyeat,llipyeat44@ow.ly,Male,88.216.21.115
150,Hunt,Battie,hbattie45@storify.com,Male,208.20.72.61
151,Worth,Delacoste,wdelacoste46@ezinearticles.com,Male,200.180.240.127
152,Shane,Jobbing,sjobbing47@mlb.com,Male,116.83.171.181
153,Henriette,Sor,hsor48@plala.or.jp,Female,138.212.151.12
154,Edeline,Jenking,ejenking49@narod.ru,Female,85.1.190.97
155,Brittne,Tessington,btessington4a@flickr.com,Female,91.63.148.122
156,Godfrey,Eggar,geggar4b@php.net,Male,149.140.23.151
157,Clint,Mcimmie,cmcimmie4c@ehow.com,Male,50.166.147.88
158,Jed,Addekin,jaddekin4d@nasa.gov,Male,32.169.30.77
159,Ingra,Kings,ikings4e@uiuc.edu,Male,62.25.253.121
160,Riane,Upcraft,rupcraft4f@mysql.com,Female,102.27.232.32
161,Yuri,Smythin,ysmythin4g@miitbeian.gov.cn,Male,1.219.209.118
162,Bryant,Pellissier,bpellissier4h@diigo.com,Male,89.198.232.78
163,Erinn,Worcs,eworcs4i@instagram.com,Female,250.61.221.113
164,Zachery,Munkley,zmunkley4j@skype.com,Male,187.6.50.142
165,Karlyn,Dell 'Orto,kdellorto4k@narod.ru,Female,81.223.66.157
166,Zach,Jonah,zjonah4l@ifeng.com,Male,149.17.250.180
167,Judas,Ashness,jashness4m@fda.gov,Male,231.1.90.200
168,Sibbie,Crinage,scrinage4n@hugedomains.com,Female,51.166.215.254
169,Marla,Rossin,mrossin4o@elpais.com,Female,215.188.184.189
170,Nessa,Seals,nseals4p@webnode.com,Female,158.225.95.101
171,Rand,Kurdani,rkurdani4q@sina.com.cn,Male,237.203.204.131
172,Kori,Grevatt,kgrevatt4r@accuweather.com,Female,236.228.183.40
173,Ogdan,Maybery,omaybery4s@deliciousdays.com,Male,101.25.159.124
174,Aryn,Cobson,acobson4t@ftc.gov,Female,196.46.152.67
175,Derward,Wynett,dwynett4u@simplemachines.org,Male,115.169.150.138
176,Caresse,Barrim,cbarrim4v@si.edu,Female,250.6.15.151
177,Laurella,Woodcock,lwoodcock4w@ifeng.com,Female,141.136.156.218
178,Laurena,Storr,lstorr4x@blogspot.com,Female,102.84.157.245
179,Chrystal,Dwyer,cdwyer4y@gravatar.com,Female,68.9.99.13
180,Gail,Olivas,golivas4z@senate.gov,Male,214.200.116.77
181,Phillis,Ingram,pingram50@twitpic.com,Female,117.2.145.176
182,Annabell,Fitchew,afitchew51@ibm.com,Female,108.216.12.23
183,Avictor,Jiru,ajiru52@si.edu,Male,179.91.214.248
184,Abbie,Vidgeon,avidgeon53@friendfeed.com,Female,232.153.73.159
185,Phillie,Valentine,pvalentine54@photobucket.com,Female,65.187.216.91
186,Shina,Lawry,slawry55@blogtalkradio.com,Female,214.129.231.61
187,Weider,Matyasik,wmatyasik56@whitehouse.gov,Male,8.99.57.148
188,Lorita,Hyett,lhyett57@seesaa.net,Female,202.143.3.125
189,Julia,Farlambe,jfarlambe58@furl.net,Female,55.246.125.148
190,Rosalinde,Standell,rstandell59@amazon.co.jp,Female,54.51.49.251
191,Patrick,Cecchi,pcecchi5a@booking.com,Male,21.185.81.218
192,Oralee,Karolewski,okarolewski5b@cbslocal.com,Female,120.75.243.156
193,Linette,Lanchester,llanchester5c@edublogs.org,Female,150.221.67.6
194,Parker,Betterton,pbetterton5d@yahoo.co.jp,Male,126.72.5.68
195,Shirley,Haglington,shaglington5e@census.gov,Female,99.167.101.59
196,Candy,Poxson,cpoxson5f@tripadvisor.com,Female,222.109.3.225
197,Englebert,Breydin,ebreydin5g@scribd.com,Male,237.227.193.151
198,Carmen,Alvin,calvin5h@google.es,Female,254.136.124.21
199,Cassie,Tanzer,ctanzer5i@constantcontact.com,Male,108.138.241.148
200,Iolande,Hymus,ihymus5j@usgs.gov,Female,172.211.244.236
201,Steward,Jakes,sjakes5k@icq.com,Male,52.150.62.229
202,Jemimah,Labrone,jlabrone5l@ucsd.edu,Female,196.248.210.41
203,Patty,Niblett,pniblett5m@blogger.com,Male,158.16.5.49
204,Sasha,Wiley,swiley5n@gnu.org,Male,39.63.123.78
205,Karisa,Dockreay,kdockreay5o@a8.net,Female,207.130.58.33
206,Giraldo,O'Donoghue,godonoghue5p@storify.com,Male,37.109.148.177
207,Felicio,McIlvenna,fmcilvenna5q@psu.edu,Male,143.98.201.162
208,Karole,Galfour,kgalfour5r@rakuten.co.jp,Female,58.37.196.86
209,Luelle,Buse,lbuse5s@opensource.org,Female,168.179.226.1
210,Rubina,Callan,rcallan5t@nature.com,Female,254.53.128.249
211,Vail,Matuszyk,vmatuszyk5u@cam.ac.uk,Male,126.121.97.147
212,Chelsie,Buscombe,cbuscombe5v@simplemachines.org,Female,168.251.85.178
213,Alphard,Rowden,arowden5w@google.pl,Male,217.205.150.201
214,Hartley,Maplethorp,hmaplethorp5x@europa.eu,Male,145.32.34.157
215,Ciel,Medcalf,cmedcalf5y@ed.gov,Female,103.147.3.214
216,Jana,Blackeby,jblackeby5z@bizjournals.com,Female,93.236.25.112
217,Lowe,Bazire,lbazire60@state.gov,Male,94.57.196.55
218,Estele,Ayscough,eayscough61@ihg.com,Female,93.144.151.205
219,Rutter,Bwye,rbwye62@upenn.edu,Male,211.240.178.27
220,Franklyn,Gawne,fgawne63@bravesites.com,Male,129.2.237.106
221,Garrick,Ramplee,gramplee64@wisc.edu,Male,89.144.2.141
222,Cammy,Caldairou,ccaldairou65@ameblo.jp,Female,80.18.82.91
223,Edmund,Goroni,egoroni66@comsenz.com,Male,38.197.142.248
224,Babs,Waldram,bwaldram67@reuters.com,Female,124.102.97.130
225,Mill,MacRorie,mmacrorie68@i2i.jp,Male,200.63.214.214
226,Gavan,Ruselin,gruselin69@aboutads.info,Male,85.139.168.216
227,Andy,Schnieder,aschnieder6a@upenn.edu,Male,108.120.132.91
228,Benedikta,Knath,bknath6b@hatena.ne.jp,Female,201.121.231.220
229,Amerigo,Wavish,awavish6c@earthlink.net,Male,70.20.86.207
230,Bunni,Georgi,bgeorgi6d@i2i.jp,Female,160.158.152.246
231,Violante,Coxall,vcoxall6e@wired.com,Female,131.167.47.184
232,Tarrance,Umbert,tumbert6f@sina.com.cn,Male,216.224.221.79
233,Rozanna,Searl,rsearl6g@amazonaws.com,Female,234.64.242.158
234,Aurlie,Smedley,asmedley6h@cbslocal.com,Female,215.164.84.57
235,Shurlock,Eisikowitz,seisikowitz6i@ocn.ne.jp,Male,252.127.208.245
236,Hyacinth,Lind,hlind6j@blogspot.com,Female,23.226.29.106
237,Dore,Fishley,dfishley6k@kickstarter.com,Male,80.107.43.220
238,Tobi,Benedito,tbenedito6l@about.me,Female,252.122.119.15
239,Kary,Hansen,khansen6m@washingtonpost.com,Female,184.107.82.144
240,Cathyleen,Petrakov,cpetrakov6n@berkeley.edu,Female,222.133.54.155
241,Latashia,Harradine,lharradine6o@furl.net,Female,71.23.164.192
242,Reece,Tiner,rtiner6p@examiner.com,Male,2.100.185.222
243,Jeanelle,Denyer,jdenyer6q@facebook.com,Female,61.100.94.206
244,Grazia,Hedgecock,ghedgecock6r@shutterfly.com,Female,72.19.141.61
245,Lyndsey,Castanaga,lcastanaga6s@goo.ne.jp,Female,193.251.9.142
246,Daven,Brunsden,dbrunsden6t@blinklist.com,Male,163.176.152.195
247,Eliza,Wiggin,ewiggin6u@icq.com,Female,150.209.253.183
248,Rebbecca,Hamnet,rhamnet6v@bloglovin.com,Female,224.92.27.154
249,Marilyn,Wisdish,mwisdish6w@sciencedaily.com,Female,199.255.57.36
250,Lyon,Oddboy,loddboy6x@howstuffworks.com,Male,34.8.229.52
251,Dietrich,Padgett,dpadgett6y@bloglines.com,Male,80.132.31.112
252,Hy,Emmanuele,hemmanuele6z@auda.org.au,Male,108.165.18.234
253,Grayce,Judgkins,gjudgkins70@chron.com,Female,162.93.129.72
254,Berke,Rate,brate71@amazonaws.com,Male,78.65.187.232
255,Jessamyn,Merner,jmerner72@vistaprint.com,Female,206.152.222.79
256,Roderick,Downton,rdownton73@infoseek.co.jp,Male,79.100.117.95
257,Corliss,Borres,cborres74@ted.com,Female,88.232.134.68
258,Morlee,Curgenven,mcurgenven75@webs.com,Male,245.44.225.140
259,Markos,Simcock,msimcock76@plala.or.jp,Male,20.54.160.38
260,Xymenes,Burdekin,xburdekin77@oaic.gov.au,Male,81.216.240.184
261,Elsworth,Goreway,egoreway78@alexa.com,Male,198.91.221.5
262,Vladimir,Jemison,vjemison79@usa.gov,Male,145.0.3.224
263,Gracie,Juster,gjuster7a@wikispaces.com,Female,242.39.66.251
264,Nataniel,Maypother,nmaypother7b@amazon.com,Male,13.98.178.81
265,Armstrong,Baitman,abaitman7c@bizjournals.com,Male,238.186.230.21
266,Eddie,Davis,edavis7d@craigslist.org,Male,36.245.248.108
267,Auguste,Simonetto,asimonetto7e@prnewswire.com,Female,163.31.86.8
268,Chick,Sainthill,csainthill7f@samsung.com,Male,185.142.24.228
269,Florian,Cron,fcron7g@google.fr,Male,216.90.41.5
270,Robena,Key,rkey7h@oracle.com,Female,250.231.14.194
271,Annnora,Puckham,apuckham7i@zdnet.com,Female,197.241.86.244
272,Tania,Lawfull,tlawfull7j@behance.net,Female,200.5.77.104
273,Ulberto,Rawne,urawne7k@moonfruit.com,Male,157.74.145.21
274,Valentine,Sindle,vsindle7l@bigcartel.com,Male,83.251.237.39
275,Zared,Pickrill,zpickrill7m@mit.edu,Male,218.71.106.166
276,Jocelin,Iannini,jiannini7n@businessinsider.com,Female,129.110.195.230
277,Dorice,Bavister,dbavister7o@columbia.edu,Female,214.184.166.95
278,Dorette,Geistmann,dgeistmann7p@taobao.com,Female,126.57.137.219
279,Helsa,Knoton,hknoton7q@taobao.com,Female,28.217.165.231
280,Hyacinthe,Mapham,hmapham7r@eventbrite.com,Female,0.82.151.218
281,Fredra,Bourhill,fbourhill7s@dion.ne.jp,Female,187.249.233.10
282,Harris,Lindores,hlindores7t@berkeley.edu,Male,233.188.61.54
283,Tannie,Kiddell,tkiddell7u@last.fm,Male,177.81.26.231
284,Ryon,Labrom,rlabrom7v@seesaa.net,Male,92.117.102.220
285,Tricia,Kestin,tkestin7w@naver.com,Female,184.50.179.89
286,Ashleigh,Fleet,afleet7x@t-online.de,Female,220.134.226.32
287,Ilario,Jennaway,ijennaway7y@cdbaby.com,Male,29.8.210.253
288,Mycah,Ferriby,mferriby7z@rediff.com,Male,60.118.72.172
289,Devland,Youngman,dyoungman80@ucoz.ru,Male,0.74.57.30
290,Royal,Habercham,rhabercham81@t-online.de,Male,107.113.203.197
291,Christiane,Gave,cgave82@bluehost.com,Female,245.47.156.91
292,Den,Salvage,dsalvage83@so-net.ne.jp,Male,168.60.230.231
293,Bendicty,Ion,bion84@joomla.org,Male,110.169.199.188
294,Darbie,Parsisson,dparsisson85@telegraph.co.uk,Female,200.149.73.21
295,Sandor,Physic,sphysic86@flavors.me,Male,61.9.141.127
296,Jesse,Jachimak,jjachimak87@buzzfeed.com,Male,255.8.39.243
297,Bartlett,Vynarde,bvynarde88@barnesandnoble.com,Male,136.15.115.21
298,Max,Illidge,millidge89@deviantart.com,Male,212.212.110.36
299,Gottfried,O'Gorman,gogorman8a@sphinn.com,Male,247.253.115.167
300,Eleonore,World,eworld8b@devhub.com,Female,169.57.208.37
301,Maitilde,Wagner,mwagner8c@comsenz.com,Female,182.54.130.91
302,Celestina,Baulk,cbaulk8d@gnu.org,Female,33.99.54.255
303,Simone,Hackin,shackin8e@spiegel.de,Male,7.67.125.62
304,Lauren,Attard,lattard8f@upenn.edu,Female,134.17.160.142
305,Chere,Brixey,cbrixey8g@mapy.cz,Female,5.0.255.142
306,Joannes,Vaune,jvaune8h@yellowbook.com,Female,253.68.3.153
307,Kaycee,Durn,kdurn8i@ihg.com,Female,222.73.42.119
308,Olivette,Heinecke,oheinecke8j@artisteer.com,Female,71.105.137.123
309,Ulrick,Sammut,usammut8k@house.gov,Male,167.78.125.213
310,Temple,Cliff,tcliff8l@ning.com,Male,181.0.61.202
311,Bondy,Fehner,bfehner8m@live.com,Male,167.145.69.193
312,Dirk,Jandl,djandl8n@ibm.com,Male,47.197.44.44
313,Del,Cokely,dcokely8o@shareasale.com,Male,194.7.46.115
314,Berti,Hasted,bhasted8p@cmu.edu,Male,251.185.198.110
315,Shanon,McEvay,smcevay8q@tripod.com,Female,187.122.74.5
316,Korry,Yakebovich,kyakebovich8r@twitter.com,Female,114.42.60.12
317,Kellie,Wheelan,kwheelan8s@bluehost.com,Female,128.183.186.90
318,Kassey,Penhalewick,kpenhalewick8t@wsj.com,Female,94.120.252.138
319,Zelma,Drinan,zdrinan8u@ca.gov,Female,187.151.101.3
320,Josi,Bateup,jbateup8v@hibu.com,Female,215.253.143.241
321,Krissie,Watt,kwatt8w@1688.com,Female,239.221.246.102
322,Biron,Biesty,bbiesty8x@nationalgeographic.com,Male,150.39.169.173
323,Nehemiah,Lonie,nlonie8y@networksolutions.com,Male,252.90.220.41
324,Duffy,Vyse,dvyse8z@examiner.com,Male,151.116.109.172
325,Bessie,Sagrott,bsagrott90@home.pl,Female,196.164.121.132
326,Diarmid,Birkhead,dbirkhead91@huffingtonpost.com,Male,112.136.243.113
327,Adele,Giorgielli,agiorgielli92@vistaprint.com,Female,231.235.64.42
328,Sherwynd,Blaiklock,sblaiklock93@shareasale.com,Male,98.254.169.174
329,Chick,Van den Oord,cvandenoord94@friendfeed.com,Male,143.238.99.129
330,Kingston,Mourant,kmourant95@home.pl,Male,233.45.179.49
331,Andie,Harbisher,aharbisher96@scribd.com,Female,116.241.107.52
332,Erny,Wolfarth,ewolfarth97@free.fr,Male,59.253.100.123
333,Legra,Threlkeld,lthrelkeld98@spotify.com,Female,153.83.75.99
334,Elianore,Geindre,egeindre99@uol.com.br,Female,202.68.218.30
335,Liane,Grinyer,lgrinyer9a@artisteer.com,Female,215.122.36.12
336,Alvy,Attenborough,aattenborough9b@mayoclinic.com,Male,242.209.223.192
337,Marji,Fallows,mfallows9c@friendfeed.com,Female,103.243.81.60
338,Leonanie,Andres,landres9d@mysql.com,Female,208.24.164.255
339,Nikolaus,Yeulet,nyeulet9e@dmoz.org,Male,37.99.81.49
340,Teresina,Brogi,tbrogi9f@sakura.ne.jp,Female,58.248.187.202
341,Valentine,Vina,vvina9g@hud.gov,Female,1.183.171.190
342,Alice,Giannazzo,agiannazzo9h@cisco.com,Female,16.49.139.69
343,Thekla,O'Loughnan,toloughnan9i@i2i.jp,Female,6.190.168.199
344,Jazmin,Dmitrienko,jdmitrienko9j@tamu.edu,Female,209.87.58.110
345,Bettine,Lenden,blenden9k@independent.co.uk,Female,14.246.51.253
346,Korry,Davidow,kdavidow9l@reuters.com,Female,216.54.152.162
347,Halie,Skase,hskase9m@samsung.com,Female,26.102.134.96
348,Elvira,Halversen,ehalversen9n@eventbrite.com,Female,251.85.203.255
349,Estrellita,McAvinchey,emcavinchey9o@cocolog-nifty.com,Female,190.250.220.200
350,Caroline,O'Curneen,cocurneen9p@drupal.org,Female,71.173.111.234
351,Ward,Elener,welener9q@people.com.cn,Male,110.71.143.158
352,Cornie,Brazer,cbrazer9r@webeden.co.uk,Male,222.201.141.230
353,Noami,Duffill,nduffill9s@zdnet.com,Female,141.12.26.78
354,Claudian,Beddo,cbeddo9t@craigslist.org,Male,253.116.223.241
355,Rayner,Early,rearly9u@jugem.jp,Male,232.224.88.21
356,Montgomery,Halliburton,mhalliburton9v@businessinsider.com,Male,41.42.144.185
357,Berni,Petroulis,bpetroulis9w@washington.edu,Female,158.47.68.85
358,Vitoria,Arpino,varpino9x@drupal.org,Female,198.102.190.33
359,Marline,Scutter,mscutter9y@zimbio.com,Female,12.192.12.68
360,Rosalynd,Goold,rgoold9z@tamu.edu,Female,79.34.222.243
361,Giralda,Kinsley,gkinsleya0@yolasite.com,Female,55.118.36.205
362,Padget,Mantione,pmantionea1@reverbnation.com,Male,68.99.123.115
363,Nicolette,Pieche,npiechea2@infoseek.co.jp,Female,30.80.53.79
364,Ryon,Westcot,rwestcota3@arstechnica.com,Male,191.217.0.218
365,Malissa,Betho,mbethoa4@simplemachines.org,Female,159.225.147.139
366,Cindee,Muck,cmucka5@wired.com,Female,57.221.89.16
367,Bernhard,Sheard,bshearda6@stumbleupon.com,Male,223.27.179.86
368,Berget,Collabine,bcollabinea7@blog.com,Female,84.22.150.175
369,Lucretia,Mahomet,lmahometa8@booking.com,Female,194.230.164.236
370,Bennie,Flucker,bfluckera9@princeton.edu,Male,234.108.21.235
371,Trent,Ewols,tewolsaa@friendfeed.com,Male,169.191.226.186
372,Constanta,Garie,cgarieab@cloudflare.com,Female,10.7.114.65
373,Katrinka,Cowell,kcowellac@microsoft.com,Female,211.152.78.223
374,Lorenzo,Brion,lbrionad@opensource.org,Male,164.34.121.245
375,Cordy,Hablet,chabletae@wikipedia.org,Female,21.118.201.132
376,Lazarus,Greenard,lgreenardaf@jigsy.com,Male,96.211.142.80
377,Roi,Hirthe,rhirtheag@wikispaces.com,Male,228.123.177.106
378,Jeanine,Danett,jdanettah@hao123.com,Female,187.12.233.75
379,Wilfrid,Huetson,whuetsonai@pcworld.com,Male,52.90.15.74
380,Shaine,Jorn,sjornaj@paginegialle.it,Male,34.69.159.239
381,Ardisj,Vallentin,avallentinak@dagondesign.com,Female,37.70.40.157
382,Hayward,Baddam,hbaddamal@ask.com,Male,242.49.196.149
383,Aguie,Laurentin,alaurentinam@gravatar.com,Male,111.87.7.43
384,Barn,Yeowell,byeowellan@va.gov,Male,58.63.239.127
385,Hillyer,Davey,hdaveyao@whitehouse.gov,Male,15.253.24.165
386,Mari,Stoffer,mstofferap@bizjournals.com,Female,209.167.127.255
387,Candide,Althorp,calthorpaq@phoca.cz,Female,104.230.172.227
388,Leonelle,Hoff,lhoffar@buzzfeed.com,Female,121.19.158.171
389,Elvira,Leake,eleakeas@walmart.com,Female,21.208.174.174
390,Vinnie,Baldwin,vbaldwinat@youtube.com,Male,15.170.230.161
391,Bobbie,Padbury,bpadburyau@umn.edu,Male,17.10.205.83
392,Hayes,Nuzzetti,hnuzzettiav@weebly.com,Male,160.92.200.236
393,Sidonia,Lorans,sloransaw@ustream.tv,Female,76.26.37.172
394,Shaina,Porker,sporkerax@dot.gov,Female,178.146.212.32
395,Merle,Kettlestring,mkettlestringay@constantcontact.com,Female,208.127.118.49
396,Brit,McMaster,bmcmasteraz@yahoo.co.jp,Male,107.84.115.101
397,Ulick,Fitt,ufittb0@admin.ch,Male,25.68.71.199
398,Maryellen,Jurs,mjursb1@google.ru,Female,129.137.71.218
399,Neysa,Sleney,nsleneyb2@google.nl,Female,237.180.247.244
400,Astra,Kennham,akennhamb3@woothemes.com,Female,11.48.49.77
401,Coralyn,Munt,cmuntb4@gov.uk,Female,18.199.252.98
402,Marlane,Ritchard,mritchardb5@cloudflare.com,Female,11.233.123.175
403,Dallas,Argont,dargontb6@clickbank.net,Female,228.48.209.186
404,Shaylyn,Maren,smarenb7@oracle.com,Female,246.4.25.205
405,Paton,Jakoubec,pjakoubecb8@aol.com,Male,40.102.224.72
406,Agnese,Duignan,aduignanb9@reuters.com,Female,159.94.8.254
407,Simmonds,Skoggins,sskogginsba@virginia.edu,Male,9.186.146.104
408,Gallagher,Scarr,gscarrbb@unesco.org,Male,236.193.82.171
409,Winny,Spelman,wspelmanbc@imageshack.us,Female,74.22.168.87
410,Gardner,Snap,gsnapbd@parallels.com,Male,192.235.200.143
411,Kristoffer,Di Roberto,kdirobertobe@oakley.com,Male,220.160.81.80
412,Rickard,Belch,rbelchbf@samsung.com,Male,203.227.112.25
413,Leanora,Rowberry,lrowberrybg@fda.gov,Female,168.245.146.233
414,Lulu,Caldayrou,lcaldayroubh@addthis.com,Female,151.93.128.215
415,Burk,Holleworth,bholleworthbi@sohu.com,Male,77.129.225.165
416,Ad,Birdseye,abirdseyebj@imageshack.us,Male,55.210.177.241
417,Linn,Snar,lsnarbk@oakley.com,Male,218.253.190.98
418,Ilise,Moylane,imoylanebl@craigslist.org,Female,104.169.223.2
419,Keary,Ranyell,kranyellbm@nyu.edu,Male,233.8.47.66
420,Rica,Petkov,rpetkovbn@github.io,Female,16.124.101.148
421,Dahlia,Esgate,desgatebo@army.mil,Female,163.19.30.202
422,Munmro,Veneur,mveneurbp@domainmarket.com,Male,126.244.147.185
423,Ingeborg,Brute,ibrutebq@macromedia.com,Female,22.20.0.53
424,Doyle,Dillicate,ddillicatebr@bbc.co.uk,Male,81.105.106.168
425,Sarita,Featherbie,sfeatherbiebs@biblegateway.com,Female,66.93.219.166
426,Clare,Nucciotti,cnucciottibt@ocn.ne.jp,Male,45.146.227.197
427,Gipsy,Derrell,gderrellbu@utexas.edu,Female,179.102.194.252
428,Tyler,Nial,tnialbv@cmu.edu,Male,161.59.18.39
429,Terri-jo,Lynthal,tlynthalbw@phpbb.com,Female,126.67.227.229
430,Rhys,Perell,rperellbx@addthis.com,Male,42.179.157.60
431,Bram,McCrudden,bmccruddenby@ucoz.com,Male,99.69.238.250
432,Kristan,Filippozzi,kfilippozzibz@boston.com,Female,94.236.32.137
433,Rufe,Spivie,rspiviec0@istockphoto.com,Male,2.115.68.250
434,Hannis,Diamant,hdiamantc1@seattletimes.com,Female,24.87.101.184
435,Georgiana,Jestico,gjesticoc2@wikispaces.com,Female,222.251.22.237
436,Susy,Binnie,sbinniec3@reuters.com,Female,201.173.130.55
437,Lutero,Farnan,lfarnanc4@constantcontact.com,Male,94.167.31.166
438,Trumaine,Fursland,tfurslandc5@sciencedaily.com,Male,10.212.186.70
439,Melloney,Salzen,msalzenc6@smh.com.au,Female,25.87.13.193
440,Leo,Wortman,lwortmanc7@ihg.com,Male,75.206.130.39
441,Cobbie,Blenkhorn,cblenkhornc8@ox.ac.uk,Male,227.127.200.142
442,Elke,Mulqueen,emulqueenc9@youku.com,Female,108.1.82.8
443,Montague,Paulson,mpaulsonca@i2i.jp,Male,174.41.112.208
444,Hunt,Dunguy,hdunguycb@spiegel.de,Male,121.119.18.82
445,Petra,Waszczyk,pwaszczykcc@deliciousdays.com,Female,195.195.38.15
446,Cazzie,Mandel,cmandelcd@fema.gov,Male,225.103.107.52
447,Bridie,Knottley,bknottleyce@theatlantic.com,Female,77.112.34.20
448,Annabel,Tollow,atollowcf@usa.gov,Female,15.22.163.173
449,Daphne,Evamy,devamycg@tiny.cc,Female,51.155.81.179
450,Sibel,Lefeuvre,slefeuvrech@1688.com,Female,191.88.82.202
451,Ammamaria,Rablin,arablinci@cargocollective.com,Female,24.3.194.246
452,Zak,Alstead,zalsteadcj@ow.ly,Male,20.89.174.103
453,Fiorenze,Posvner,fposvnerck@blogger.com,Female,117.32.63.69
454,Giustina,McTavy,gmctavycl@msu.edu,Female,119.119.15.57
455,Olwen,Cosgreave,ocosgreavecm@marriott.com,Female,106.38.207.193
456,Georgia,Brackstone,gbrackstonecn@unesco.org,Female,49.44.255.143
457,Ode,Worrill,oworrillco@slate.com,Male,8.71.114.251
458,Roi,Smaile,rsmailecp@angelfire.com,Male,133.142.126.86
459,Eyde,Colton,ecoltoncq@miitbeian.gov.cn,Female,121.5.100.57
460,Bone,O'Hallagan,bohallagancr@istockphoto.com,Male,214.224.243.246
461,Luca,Trembath,ltrembathcs@jiathis.com,Male,196.192.27.133
462,Lane,Battleson,lbattlesonct@purevolume.com,Female,228.78.250.1
463,Marty,Ambrogiotti,mambrogiotticu@exblog.jp,Male,8.48.90.14
464,Gertruda,Richichi,grichichicv@gmpg.org,Female,29.232.130.86
465,Georgine,De Maine,gdemainecw@narod.ru,Female,138.183.164.238
466,Hildegarde,Bayston,hbaystoncx@shareasale.com,Female,231.3.183.179
467,Heall,Turville,hturvillecy@thetimes.co.uk,Male,141.222.56.174
468,Hephzibah,Willimott,hwillimottcz@cornell.edu,Female,213.36.41.248
469,Spencer,Croyden,scroydend0@kickstarter.com,Male,14.91.155.36
470,Pat,Luchetti,pluchettid1@last.fm,Female,57.154.25.64
471,Rena,Wastell,rwastelld2@uiuc.edu,Female,128.158.177.56
472,Pearce,Roswarn,proswarnd3@guardian.co.uk,Male,153.167.195.153
473,Saw,Couvert,scouvertd4@mayoclinic.com,Male,203.15.94.168
474,Rosco,Barrabeale,rbarrabealed5@elegantthemes.com,Male,105.196.39.252
475,Maris,Ishaki,mishakid6@vistaprint.com,Female,150.159.44.138
476,Ray,Imrie,rimried7@ask.com,Female,216.119.204.194
477,Godard,Otridge,gotridged8@topsy.com,Male,61.115.101.220
478,Ruddy,Lissandrini,rlissandrinid9@hatena.ne.jp,Male,132.74.194.20
479,Kareem,Keetch,kkeetchda@bigcartel.com,Male,231.126.17.55
480,Svend,Danev,sdanevdb@github.com,Male,204.176.12.206
481,Parsifal,Gionettitti,pgionettittidc@freewebs.com,Male,165.37.108.19
482,Fields,Knutsen,fknutsendd@sciencedirect.com,Male,10.48.38.225
483,Pierce,Lamble,plamblede@dagondesign.com,Male,244.29.159.96
484,Hildegaard,Sumpner,hsumpnerdf@squarespace.com,Female,225.53.183.36
485,Bogey,Campos,bcamposdg@miitbeian.gov.cn,Male,99.117.22.72
486,Malchy,Skarr,mskarrdh@ustream.tv,Male,109.213.223.142
487,Klara,Sibley,ksibleydi@mashable.com,Female,27.39.48.250
488,Anatole,Heugel,aheugeldj@diigo.com,Male,98.140.97.241
489,Sayres,Paydon,spaydondk@jalbum.net,Male,128.39.145.90
490,Reeva,Herion,rheriondl@bloglines.com,Female,81.217.130.69
491,Toddie,Upham,tuphamdm@earthlink.net,Male,37.171.219.220
492,Cordula,Cordery,ccorderydn@msn.com,Female,195.132.246.64
493,Blythe,Fazzioli,bfazziolido@senate.gov,Female,49.69.99.94
494,Ludvig,Willisch,lwillischdp@hibu.com,Male,113.148.62.19
495,Robbie,Aasaf,raasafdq@scientificamerican.com,Female,121.7.86.69
496,Eula,MacGorley,emacgorleydr@nature.com,Female,214.158.57.194
497,Scott,Figger,sfiggerds@dedecms.com,Male,63.16.60.75
498,Dyan,Jirzik,djirzikdt@chicagotribune.com,Female,120.224.1.63
499,Tibold,Esmonde,tesmondedu@mlb.com,Male,162.206.174.49
500,Kari,Petrowsky,kpetrowskydv@photobucket.com,Female,161.53.39.70
501,Sophey,Heak,sheakdw@tripod.com,Female,222.123.22.235
502,Sax,Nowakowska,snowakowskadx@earthlink.net,Male,21.24.134.18
503,Fax,Whellans,fwhellansdy@qq.com,Male,152.25.188.144
504,Burgess,Van Dijk,bvandijkdz@arstechnica.com,Male,55.24.197.209
505,Lory,Heindrich,lheindriche0@opera.com,Female,97.179.190.112
506,Polly,Wordington,pwordingtone1@multiply.com,Female,63.178.28.114
507,Arny,Tidmarsh,atidmarshe2@wordpress.org,Male,152.170.209.209
508,Leona,Cordier,lcordiere3@goo.ne.jp,Female,27.112.192.7
509,Lonee,Kleinhandler,lkleinhandlere4@blogspot.com,Female,204.237.138.234
510,Kristian,Farguhar,kfarguhare5@patch.com,Male,13.61.104.80
511,Chev,Strahan,cstrahane6@chron.com,Male,155.249.159.150
512,Timothea,Verrillo,tverrilloe7@eventbrite.com,Female,213.250.105.224
513,Zuzana,Ritchie,zritchiee8@slate.com,Female,136.172.33.197
514,Holmes,Soule,hsoulee9@yelp.com,Male,187.52.216.47
515,Maureen,Ghiroldi,mghiroldiea@com.com,Female,216.16.150.142
516,Aretha,Eichmann,aeichmanneb@patch.com,Female,210.170.114.93
517,Crichton,Overshott,covershottec@indiatimes.com,Male,234.113.166.253
518,Wayne,Amaya,wamayaed@geocities.jp,Male,81.98.236.156
519,Rice,Niles,rnilesee@nih.gov,Male,0.191.42.50
520,Gino,Maxworthy,gmaxworthyef@wikia.com,Male,64.96.177.47
521,Kristi,Tear,kteareg@sogou.com,Female,96.180.6.33
522,Pierrette,Verry,pverryeh@over-blog.com,Female,89.178.35.38
523,Massimiliano,Saywell,msaywellei@mozilla.org,Male,25.19.131.199
524,Mollee,Kerrigan,mkerriganej@ft.com,Female,35.194.66.91
525,Cristie,Chiverstone,cchiverstoneek@nytimes.com,Female,192.118.20.91
526,Joye,Bastie,jbastieel@lycos.com,Female,10.135.137.235
527,Janos,Bernier,jbernierem@zdnet.com,Male,125.205.136.139
528,Sidonia,Vankov,svankoven@google.com.br,Female,227.57.77.37
529,Moritz,Pietruszewicz,mpietruszewiczeo@homestead.com,Male,241.18.21.88
530,Billy,Petasch,bpetaschep@tumblr.com,Female,190.179.52.184
531,Eudora,Heinreich,eheinreicheq@simplemachines.org,Female,66.174.206.241
532,Roth,Goman,rgomaner@feedburner.com,Male,11.57.239.6
533,Shadow,Walkley,swalkleyes@gizmodo.com,Male,238.157.20.235
534,Hyman,Flewitt,hflewittet@bizjournals.com,Male,26.9.175.249
535,Blakelee,Salle,bsalleeu@so-net.ne.jp,Female,73.99.105.252
536,Goraud,Farnhill,gfarnhillev@livejournal.com,Male,55.178.14.165
537,Shelden,Cayley,scayleyew@plala.or.jp,Male,221.206.196.69
538,Fitz,Churchlow,fchurchlowex@jigsy.com,Male,97.0.201.218
539,Yehudit,Catenot,ycatenotey@cbc.ca,Male,156.222.216.217
540,Derron,Alexandersson,dalexanderssonez@moonfruit.com,Male,144.140.141.206
541,Giacobo,Abdy,gabdyf0@europa.eu,Male,179.155.241.207
542,Ogden,Pierrepont,opierrepontf1@nbcnews.com,Male,253.189.62.107
543,Vita,Calley,vcalleyf2@cdc.gov,Female,105.116.51.81
544,Rich,Brilon,rbrilonf3@behance.net,Male,160.128.54.119
545,Nikki,O'Cannavan,nocannavanf4@amazon.com,Female,237.3.114.184
546,Marcelia,Christophers,mchristophersf5@toplist.cz,Female,157.65.249.224
547,Ferdy,Haily,fhailyf6@gov.uk,Male,159.93.160.168
548,Nert,Tremayne,ntremaynef7@google.ca,Female,101.223.145.37
549,Collin,Josey,cjoseyf8@howstuffworks.com,Male,87.27.203.228
550,Sonja,Windram,swindramf9@cbsnews.com,Female,104.48.2.199
551,Burtie,Armstead,barmsteadfa@usnews.com,Male,123.53.3.137
552,Cale,Wardington,cwardingtonfb@telegraph.co.uk,Male,81.45.36.13
553,Heda,Johnston,hjohnstonfc@thetimes.co.uk,Female,34.222.101.59
554,Nevins,Willison,nwillisonfd@comcast.net,Male,251.6.152.46
555,Devy,Milham,dmilhamfe@typepad.com,Male,161.45.61.246
556,Malvina,Burston,mburstonff@abc.net.au,Female,139.221.40.102
557,Othilia,Dietmar,odietmarfg@friendfeed.com,Female,38.151.53.164
558,Urson,Cusiter,ucusiterfh@imageshack.us,Male,217.219.168.210
559,Cindelyn,Surguine,csurguinefi@army.mil,Female,219.181.166.157
560,Mickey,Vicar,mvicarfj@paginegialle.it,Male,47.0.45.77
561,Paten,Stanworth,pstanworthfk@elegantthemes.com,Male,207.8.148.150
562,Connor,Troak,ctroakfl@vk.com,Male,37.25.145.59
563,Max,Blethyn,mblethynfm@ftc.gov,Male,19.239.180.6
564,Grenville,Sommerscales,gsommerscalesfn@usnews.com,Male,194.41.245.12
565,Killy,Enright,kenrightfo@123-reg.co.uk,Male,213.44.119.108
566,Gardener,Dickens,gdickensfp@artisteer.com,Male,185.177.224.132
567,Tarra,Napleton,tnapletonfq@dion.ne.jp,Female,67.245.238.48
568,Neron,Drinkwater,ndrinkwaterfr@ox.ac.uk,Male,165.240.105.174
569,Lorettalorna,Kuhne,lkuhnefs@de.vu,Female,96.17.69.109
570,Hedwiga,Heggs,hheggsft@oracle.com,Female,53.106.145.20
571,Ferdie,Dallander,fdallanderfu@comsenz.com,Male,94.106.97.171
572,Daveen,Ulrik,dulrikfv@cisco.com,Female,162.64.241.145
573,Wilmer,Mattiuzzi,wmattiuzzifw@tripadvisor.com,Male,118.123.86.178
574,Omar,MacGray,omacgrayfx@unesco.org,Male,203.240.14.173
575,Norton,Anfrey,nanfreyfy@booking.com,Male,113.17.28.39
576,Romain,Dymocke,rdymockefz@usnews.com,Male,102.213.105.206
577,Gerrilee,Boog,gboogg0@gizmodo.com,Female,97.74.181.149
578,Kimbra,Gosland,kgoslandg1@tinypic.com,Female,180.249.152.91
579,Donovan,Fardy,dfardyg2@hc360.com,Male,49.145.195.97
580,Buddy,Petronis,bpetronisg3@samsung.com,Male,69.167.120.107
581,Nolana,Dowson,ndowsong4@multiply.com,Female,32.19.204.95
582,Adolphe,Treher,atreherg5@barnesandnoble.com,Male,14.10.98.51
583,Aurelea,Goodboddy,agoodboddyg6@sciencedaily.com,Female,78.218.100.116
584,Tuckie,Cumber,tcumberg7@ftc.gov,Male,171.110.76.66
585,Hollyanne,Venn,hvenng8@amazon.de,Female,131.171.32.99
586,Tobiah,Napoli,tnapolig9@yahoo.co.jp,Male,246.116.80.150
587,Cordelie,Schrinel,cschrinelga@epa.gov,Female,66.155.170.3
588,Timmy,Woodington,twoodingtongb@wsj.com,Female,35.130.168.134
589,Piper,Souttar,psouttargc@reverbnation.com,Female,30.247.107.161
590,Reine,Scinelli,rscinelligd@ifeng.com,Female,131.32.235.226
591,Clevie,Jarvis,cjarvisge@moonfruit.com,Male,4.90.3.223
592,Nixie,Jowett,njowettgf@harvard.edu,Female,88.154.144.134
593,Walt,Covelle,wcovellegg@slashdot.org,Male,87.221.11.235
594,Billye,Upham,buphamgh@mozilla.org,Female,154.13.250.198
595,Luci,Giraudy,lgiraudygi@wunderground.com,Female,237.131.197.175
596,Em,Burner,eburnergj@tmall.com,Female,184.30.166.146
597,Thorndike,Baden,tbadengk@tripod.com,Male,1.154.106.255
598,Kaleb,Aronovich,karonovichgl@vimeo.com,Male,164.125.247.207
599,Northrop,Jenicek,njenicekgm@privacy.gov.au,Male,92.121.214.123
600,Fonzie,Harberer,fharberergn@gravatar.com,Male,99.135.174.39
601,Erena,Bodell,ebodellgo@seesaa.net,Female,113.214.210.255
602,Dari,Marians,dmariansgp@macromedia.com,Female,63.27.80.201
603,Benedikta,Patey,bpateygq@instagram.com,Female,144.109.42.100
604,Oswell,Prout,oproutgr@github.com,Male,248.105.207.83
605,Sileas,Tejero,stejerogs@psu.edu,Female,102.118.115.29
606,Michal,Noury,mnourygt@thetimes.co.uk,Male,233.170.2.117
607,Gwendolyn,Milella,gmilellagu@ftc.gov,Female,132.60.51.101
608,Weber,Loosely,wlooselygv@domainmarket.com,Male,203.220.5.229
609,Fidole,Kilshaw,fkilshawgw@technorati.com,Male,231.159.104.175
610,Sonya,Bracknell,sbracknellgx@over-blog.com,Female,248.203.92.169
611,Alvie,Waldera,awalderagy@narod.ru,Male,52.8.156.185
612,Breanne,Caudray,bcaudraygz@berkeley.edu,Female,242.173.69.169
613,Margret,Arling,marlingh0@ucoz.com,Female,167.162.190.251
614,Shina,Lean,sleanh1@cafepress.com,Female,181.87.172.151
615,Shae,Hyam,shyamh2@bbb.org,Male,207.102.62.191
616,Jaquenetta,Cawsey,jcawseyh3@cmu.edu,Female,253.211.39.240
617,Winonah,Meriguet,wmerigueth4@bizjournals.com,Female,165.1.167.206
618,Anette,Conville,aconvilleh5@woothemes.com,Female,142.61.235.66
619,Marja,Bittlestone,mbittlestoneh6@yandex.ru,Female,72.29.88.233
620,Brendan,Kramer,bkramerh7@cmu.edu,Male,139.37.95.218
621,Raychel,Drewett,rdrewetth8@gov.uk,Female,76.249.113.62
622,Shellie,Kirley,skirleyh9@nhs.uk,Female,122.88.219.122
623,Carmina,Robertshaw,crobertshawha@google.de,Female,213.127.53.126
624,Sandy,Olek,solekhb@globo.com,Female,156.205.161.207
625,Isabeau,Delap,idelaphc@sakura.ne.jp,Female,10.54.65.101
626,Leigha,Denisovich,ldenisovichhd@clickbank.net,Female,188.58.69.42
627,Ashton,Derisly,aderislyhe@psu.edu,Male,158.196.252.197
628,Letitia,Scutts,lscuttshf@hao123.com,Female,192.246.151.203
629,Felisha,Brisbane,fbrisbanehg@cpanel.net,Female,22.174.155.250
630,Giustina,Sparsholt,gsparsholthh@canalblog.com,Female,70.105.56.243
631,Cornelia,Gatheral,cgatheralhi@fema.gov,Female,252.20.195.156
632,Christabella,Rashleigh,crashleighhj@zdnet.com,Female,102.14.120.125
633,Margarette,Pillington,mpillingtonhk@youtube.com,Female,44.3.16.76
634,Kennith,Deveral,kdeveralhl@yale.edu,Male,4.197.140.175
635,Helaine,Swanston,hswanstonhm@exblog.jp,Female,167.216.65.20
636,Dorine,Scarrott,dscarrotthn@dion.ne.jp,Female,75.93.188.110
637,Nerta,Demke,ndemkeho@examiner.com,Female,117.195.130.207
638,Drugi,Pancoust,dpancousthp@rediff.com,Male,42.80.210.191
639,Josy,Livett,jlivetthq@buzzfeed.com,Female,49.44.0.138
640,Molli,Arbon,marbonhr@weather.com,Female,217.46.237.163
641,Benetta,Solway,bsolwayhs@fda.gov,Female,60.150.219.80
642,Tamar,Naden,tnadenht@freewebs.com,Female,78.93.180.135
643,Felita,Eastway,feastwayhu@smugmug.com,Female,249.80.174.88
644,Karry,Corton,kcortonhv@economist.com,Female,22.54.148.175
645,Cristin,Hammon,chammonhw@blogger.com,Female,245.232.105.78
646,Nikolos,Bisley,nbisleyhx@howstuffworks.com,Male,75.164.105.55
647,Sylvia,Dax,sdaxhy@ca.gov,Female,26.93.251.12
648,Jaime,Giraudot,jgiraudothz@vinaora.com,Male,88.97.14.82
649,Debi,Foard,dfoardi0@indiatimes.com,Female,98.105.147.81
650,Josh,De Bell,jdebelli1@163.com,Male,46.207.215.137
651,Hiram,Harman,hharmani2@google.de,Male,194.114.252.97
652,Garold,Daniely,gdanielyi3@utexas.edu,Male,141.254.61.86
653,Michell,Prattin,mprattini4@skype.com,Female,25.78.81.120
654,Gaelan,Stops,gstopsi5@technorati.com,Male,42.188.84.97
655,Whitby,Rossey,wrosseyi6@blog.com,Male,34.250.9.95
656,Manya,Dubble,mdubblei7@multiply.com,Female,11.127.78.7
657,Hermia,Bowfin,hbowfini8@icq.com,Female,253.186.28.212
658,Isis,Stellin,istellini9@mlb.com,Female,246.76.166.165
659,Greta,Beine,gbeineia@newsvine.com,Female,53.90.6.171
660,Lotta,Sleicht,lsleichtib@chicagotribune.com,Female,158.12.66.87
661,Katleen,Peret,kperetic@php.net,Female,6.220.41.124
662,Griffie,Burnes,gburnesid@symantec.com,Male,79.176.160.50
663,Nydia,Kenninghan,nkenninghanie@shop-pro.jp,Female,228.173.251.206
664,Abe,Mair,amairif@ebay.com,Male,5.229.247.99
665,Zilvia,Excell,zexcellig@howstuffworks.com,Female,3.191.180.99
666,Kent,Self,kselfih@meetup.com,Male,109.171.125.222
667,Zita,Braunle,zbraunleii@vkontakte.ru,Female,56.172.237.59
668,Taddeusz,Aird,tairdij@example.com,Male,14.95.182.103
669,Harrie,Balsillie,hbalsillieik@apache.org,Female,230.100.173.219
670,Emerson,Klausewitz,eklausewitzil@ucla.edu,Male,82.142.56.86
671,Bengt,Gorhardt,bgorhardtim@networksolutions.com,Male,228.69.51.242
672,Lucio,Coughlin,lcoughlinin@symantec.com,Male,81.122.90.216
673,Reece,Russell,rrussellio@surveymonkey.com,Male,140.136.192.69
674,Morten,Folker,mfolkerip@1688.com,Male,22.35.154.73
675,Jerrie,Nester,jnesteriq@youtube.com,Female,50.164.184.74
676,Beatriz,Skeemer,bskeemerir@plala.or.jp,Female,11.28.108.107
677,Alameda,Cumberland,acumberlandis@forbes.com,Female,34.4.189.50
678,Merrily,Swaden,mswadenit@stanford.edu,Female,225.115.172.76
679,Chrissie,O'Leagham,coleaghamiu@hao123.com,Male,129.240.182.0
680,Kelwin,Birdfield,kbirdfieldiv@alibaba.com,Male,13.229.157.148
681,Katti,Block,kblockiw@ft.com,Female,72.156.181.57
682,Nani,Leah,nleahix@earthlink.net,Female,88.35.76.255
683,Kimberli,Fidelli,kfidelliiy@sitemeter.com,Female,31.96.205.200
684,Joshuah,Fenelon,jfeneloniz@deliciousdays.com,Male,101.98.150.122
685,Delinda,Reichartz,dreichartzj0@about.com,Female,67.117.103.171
686,Yolane,Locket,ylocketj1@mashable.com,Female,139.57.143.189
687,Gwenneth,Baudacci,gbaudaccij2@t-online.de,Female,167.12.158.247
688,Nannie,Mapplethorpe,nmapplethorpej3@nationalgeographic.com,Female,35.163.136.3
689,Cecilio,Brookshaw,cbrookshawj4@nps.gov,Male,51.19.240.24
690,Robbin,Jeskins,rjeskinsj5@cbslocal.com,Female,182.116.39.18
691,Jacquelynn,Hamnett,jhamnettj6@opensource.org,Female,117.236.181.201
692,Allen,Nast,anastj7@elpais.com,Male,155.119.187.43
693,Mag,Tales,mtalesj8@163.com,Female,138.197.59.229
694,Simeon,Sennett,ssennettj9@nytimes.com,Male,28.106.139.239
695,Merridie,Nodin,mnodinja@myspace.com,Female,150.187.68.6
696,Aubrette,Harrowing,aharrowingjb@answers.com,Female,112.235.96.25
697,Jon,Archibold,jarchiboldjc@1und1.de,Male,138.140.149.192
698,Chen,Adrien,cadrienjd@cornell.edu,Male,181.147.197.3
699,Cristionna,Tourmell,ctourmellje@youtube.com,Female,182.111.98.34
700,Ansley,Sterte,astertejf@google.cn,Female,24.232.195.46
701,Bethena,Niblo,bniblojg@nsw.gov.au,Female,102.35.23.94
702,Vania,Bergstrand,vbergstrandjh@cmu.edu,Female,108.5.96.146
703,Sylvester,Dargie,sdargieji@a8.net,Male,37.43.11.172
704,Edward,Brodeur,ebrodeurjj@cbc.ca,Male,111.102.165.226
705,Doy,Mazzey,dmazzeyjk@facebook.com,Male,80.121.153.78
706,Batholomew,Thebeaud,bthebeaudjl@wikia.com,Male,17.152.240.34
707,Inglebert,Readmire,ireadmirejm@fotki.com,Male,68.28.115.203
708,Lucienne,Lemar,llemarjn@woothemes.com,Female,138.12.188.25
709,Alicea,Murgatroyd,amurgatroydjo@nsw.gov.au,Female,81.120.140.59
710,Archaimbaud,Bilfoot,abilfootjp@ameblo.jp,Male,46.232.231.150
711,Norry,De Cristoforo,ndecristoforojq@theglobeandmail.com,Male,28.175.227.142
712,Eddy,June,ejunejr@github.io,Male,213.105.68.0
713,Susi,Eichmann,seichmannjs@biglobe.ne.jp,Female,235.35.190.145
714,Allan,Driuzzi,adriuzzijt@etsy.com,Male,213.156.167.27
715,Wright,Carl,wcarlju@yale.edu,Male,117.169.185.207
716,Mollee,Engelbrecht,mengelbrechtjv@dyndns.org,Female,127.198.156.157
717,Rocky,Groomebridge,rgroomebridgejw@wordpress.com,Male,221.197.200.235
718,Bentlee,Kingswood,bkingswoodjx@sohu.com,Male,155.139.214.138
719,Chas,Loveland,clovelandjy@mysql.com,Male,142.60.155.162
720,Christi,Cullum,ccullumjz@domainmarket.com,Female,121.7.48.148
721,Cammi,Sherlaw,csherlawk0@bigcartel.com,Female,243.133.91.253
722,Bailey,Romand,bromandk1@foxnews.com,Male,198.57.234.75
723,Marillin,Turford,mturfordk2@php.net,Female,97.147.131.218
724,Benny,MacTrustram,bmactrustramk3@ocn.ne.jp,Female,51.108.160.100
725,Beale,Retchford,bretchfordk4@cisco.com,Male,108.204.17.253
726,Jens,Canton,jcantonk5@addtoany.com,Male,70.7.174.238
727,Nikolos,Fautly,nfautlyk6@godaddy.com,Male,226.130.131.148
728,Jae,Hollyman,jhollymank7@ocn.ne.jp,Male,98.52.79.217
729,Bogey,Jeffree,bjeffreek8@wufoo.com,Male,84.57.221.46
730,Farley,Jerdon,fjerdonk9@reference.com,Male,243.214.62.94
731,Pat,Weston,pwestonka@yolasite.com,Female,227.148.137.146
732,Hayyim,Wickie,hwickiekb@blogger.com,Male,162.211.100.85
733,Bartie,Murney,bmurneykc@wix.com,Male,136.139.171.65
734,Templeton,Bowmaker,tbowmakerkd@independent.co.uk,Male,143.163.17.112
735,Giustina,Skain,gskainke@guardian.co.uk,Female,169.126.18.169
736,Gussie,Forkan,gforkankf@senate.gov,Female,247.139.103.127
737,Nari,Degoix,ndegoixkg@jugem.jp,Female,223.110.90.55
738,Paxton,Garretts,pgarrettskh@ycombinator.com,Male,223.214.65.241
739,Danit,Howey,dhoweyki@mail.ru,Female,19.73.113.146
740,Jordon,Shuttleworth,jshuttleworthkj@forbes.com,Male,113.203.163.108
741,Lemar,Rennocks,lrennockskk@nsw.gov.au,Male,240.81.144.54
742,Vernice,Castelluzzi,vcastelluzzikl@newsvine.com,Female,188.86.7.20
743,Geneva,Rushmare,grushmarekm@washington.edu,Female,149.129.130.191
744,Tiena,Edlin,tedlinkn@elegantthemes.com,Female,3.81.130.20
745,Ardith,Edinburgh,aedinburghko@hud.gov,Female,156.190.152.245
746,Eldin,Bole,ebolekp@uol.com.br,Male,53.161.105.80
747,Rabbi,Halahan,rhalahankq@newsvine.com,Male,2.148.245.183
748,Lisetta,Ginner,lginnerkr@reference.com,Female,116.135.53.231
749,Estelle,Savill,esavillks@yellowbook.com,Female,228.68.168.134
750,Kerr,Lovel,klovelkt@elegantthemes.com,Male,242.128.133.69
751,Ebba,Metzel,emetzelku@etsy.com,Female,183.15.139.77
752,Erinn,Dafydd,edafyddkv@unesco.org,Female,5.197.52.58
753,Dominique,Levene,dlevenekw@wix.com,Female,23.119.197.110
754,Tera,Geertsen,tgeertsenkx@bigcartel.com,Female,127.224.185.159
755,Paten,Addlestone,paddlestoneky@army.mil,Male,6.54.138.59
756,Beale,Angove,bangovekz@wordpress.org,Male,219.89.84.172
757,Napoleon,Presdie,npresdiel0@exblog.jp,Male,85.58.55.29
758,Skip,Gower,sgowerl1@oaic.gov.au,Male,43.153.22.141
759,Wait,Kanwell,wkanwelll2@discuz.net,Male,208.148.113.246
760,Tyrus,Kleinbaum,tkleinbauml3@howstuffworks.com,Male,133.116.197.212
761,Demetre,McLleese,dmclleesel4@hexun.com,Male,137.132.0.97
762,Neron,Canete,ncanetel5@people.com.cn,Male,186.45.135.50
763,Seamus,Le Surf,slesurfl6@techcrunch.com,Male,107.61.88.13
764,Spenser,Bassford,sbassfordl7@imgur.com,Male,96.107.97.201
765,Boony,MacScherie,bmacscheriel8@whitehouse.gov,Male,188.207.124.78
766,Adelind,Barthod,abarthodl9@google.fr,Female,255.218.98.55
767,Hartwell,Witherden,hwitherdenla@walmart.com,Male,247.49.167.94
768,Carl,Otham,cothamlb@gov.uk,Male,55.218.11.248
769,Petey,Matthews,pmatthewslc@businessweek.com,Male,58.82.3.42
770,Kym,Kopisch,kkopischld@t-online.de,Female,229.245.0.99
771,Bernelle,Bucklan,bbucklanle@taobao.com,Female,125.236.58.230
772,Valene,Steadman,vsteadmanlf@stanford.edu,Female,3.90.143.157
773,Vikky,Arlet,varletlg@list-manage.com,Female,235.157.155.139
774,Euell,Churchman,echurchmanlh@nasa.gov,Male,243.102.128.64
775,Bendix,Goodspeed,bgoodspeedli@so-net.ne.jp,Male,30.200.90.169
776,Launce,Antony,lantonylj@techcrunch.com,Male,101.153.20.99
777,Immanuel,Hounsom,ihounsomlk@themeforest.net,Male,83.247.129.80
778,Cornelius,Lofty,cloftyll@webnode.com,Male,201.105.199.46
779,Leonerd,Weir,lweirlm@dot.gov,Male,119.64.47.68
780,Tresa,Iacovone,tiacovoneln@cyberchimps.com,Female,22.126.85.11
781,Angy,Sekulla,asekullalo@senate.gov,Female,83.84.45.74
782,Kakalina,Stedall,kstedalllp@cisco.com,Female,196.96.107.247
783,Pauline,Sheepy,psheepylq@dot.gov,Female,226.31.222.75
784,Ludvig,Ericsson,lericssonlr@fda.gov,Male,236.225.46.250
785,Merwyn,Brickstock,mbrickstockls@parallels.com,Male,211.75.59.243
786,Mikkel,Branson,mbransonlt@godaddy.com,Male,58.251.32.97
787,Armin,O'Halligan,aohalliganlu@merriam-webster.com,Male,36.91.158.145
788,Dael,Crozier,dcrozierlv@smugmug.com,Female,52.253.39.33
789,Godart,Jose,gjoselw@domainmarket.com,Male,177.96.159.74
790,Arney,Quelch,aquelchlx@washingtonpost.com,Male,231.215.47.153
791,Tobi,Yendall,tyendallly@chronoengine.com,Female,127.129.216.102
792,Kathye,Osmund,kosmundlz@vinaora.com,Female,249.229.5.42
793,Nickey,Wellbeloved,nwellbelovedm0@macromedia.com,Male,29.171.236.159
794,Valenka,Gidman,vgidmanm1@newsvine.com,Female,86.172.224.199
795,Court,Lamps,clampsm2@fda.gov,Male,106.163.38.95
796,Roma,Coverdale,rcoverdalem3@columbia.edu,Male,24.67.37.191
797,Timofei,Drane,tdranem4@gov.uk,Male,158.76.119.48
798,Amalia,Wenzel,awenzelm5@e-recht24.de,Female,147.92.54.56
799,Justus,Bonass,jbonassm6@simplemachines.org,Male,129.93.122.37
800,Blithe,Kennington,bkenningtonm7@posterous.com,Female,205.35.24.186
801,Alecia,Elijah,aelijahm8@uiuc.edu,Female,153.197.221.161
802,Gav,Dewett,gdewettm9@nih.gov,Male,140.202.163.16
803,Desi,Watts,dwattsma@nih.gov,Male,76.38.10.188
804,Logan,Gowthorpe,lgowthorpemb@blinklist.com,Male,213.247.52.28
805,Dottie,Barmadier,dbarmadiermc@wired.com,Female,244.149.35.46
806,Tarrah,Clipston,tclipstonmd@elegantthemes.com,Female,82.85.133.94
807,Drusy,Klimus,dklimusme@biblegateway.com,Female,26.175.48.137
808,Morlee,Huggett,mhuggettmf@tmall.com,Male,245.227.60.186
809,Shae,McDaid,smcdaidmg@freewebs.com,Male,120.245.217.189
810,Jared,Hutchason,jhutchasonmh@pbs.org,Male,245.188.99.204
811,Ibrahim,Jennrich,ijennrichmi@prlog.org,Male,171.159.109.224
812,Aida,Jendas,ajendasmj@sciencedaily.com,Female,87.66.70.79
813,Allister,Izkovicz,aizkoviczmk@patch.com,Male,106.248.29.126
814,Harris,Neely,hneelyml@nps.gov,Male,236.163.199.87
815,Brit,Teodoro,bteodoromm@de.vu,Male,133.131.103.107
816,Erich,Hartington,ehartingtonmn@blinklist.com,Male,201.17.92.168
817,Gawain,Rowsell,growsellmo@mozilla.org,Male,131.127.156.239
818,Bernardo,Martinson,bmartinsonmp@bing.com,Male,178.163.120.59
819,Leyla,McHardy,lmchardymq@de.vu,Female,73.110.12.75
820,Granger,Hendrich,ghendrichmr@ftc.gov,Male,245.171.112.198
821,Zora,Manifold,zmanifoldms@friendfeed.com,Female,224.35.56.243
822,Enos,Lelande,elelandemt@barnesandnoble.com,Male,74.126.173.175
823,Hagen,Hune,hhunemu@bluehost.com,Male,24.46.12.23
824,Alford,Fricker,africkermv@reference.com,Male,92.92.73.50
825,Ashien,McKellen,amckellenmw@army.mil,Female,110.121.211.201
826,Tallia,Lisett,tlisettmx@narod.ru,Female,147.8.251.182
827,Francis,Jaggs,fjaggsmy@xing.com,Male,36.214.151.70
828,Margi,Wadman,mwadmanmz@homestead.com,Female,68.250.66.254
829,Lynelle,Lassell,llasselln0@foxnews.com,Female,1.73.5.58
830,Vi,Iacomettii,viacomettiin1@163.com,Female,148.52.201.203
831,Olive,Cann,ocannn2@exblog.jp,Female,174.93.228.150
832,Moore,Noe,mnoen3@auda.org.au,Male,110.91.193.157
833,Roselia,Doctor,rdoctorn4@is.gd,Female,149.3.181.231
834,Lukas,Nockles,lnocklesn5@un.org,Male,21.62.247.25
835,Rabi,Bosher,rboshern6@independent.co.uk,Male,162.153.38.45
836,Jeanne,Wills,jwillsn7@webs.com,Female,201.176.173.237
837,Teri,Seyers,tseyersn8@psu.edu,Female,146.95.154.111
838,Bonnibelle,Raggatt,braggattn9@comsenz.com,Female,236.49.217.159
839,Leodora,Spera,lsperana@ft.com,Female,231.199.191.240
840,Ketti,Canto,kcantonb@ezinearticles.com,Female,168.154.197.59
841,Orren,Jedrasik,ojedrasiknc@mozilla.org,Male,172.6.236.184
842,Courtenay,Gaddesby,cgaddesbynd@baidu.com,Female,167.207.157.93
843,Berti,Matuskiewicz,bmatuskiewiczne@github.com,Male,123.1.136.120
844,Phelia,Hampe,phampenf@csmonitor.com,Female,212.58.164.77
845,Dulsea,Tooley,dtooleyng@umn.edu,Female,86.144.253.246
846,Bran,Gresser,bgressernh@fastcompany.com,Male,178.226.82.35
847,Vonnie,Carrabot,vcarrabotni@ustream.tv,Female,20.84.209.175
848,Sybila,Aleksankov,saleksankovnj@mozilla.com,Female,119.240.83.63
849,Aubrie,Tew,atewnk@cdc.gov,Female,155.20.85.127
850,Quintin,Lowdiane,qlowdianenl@examiner.com,Male,74.129.233.156
851,Jasmina,Altimas,jaltimasnm@accuweather.com,Female,175.99.198.81
852,Kali,Iannuzzelli,kiannuzzellinn@odnoklassniki.ru,Female,176.57.68.181
853,Shay,Collett,scollettno@wired.com,Female,32.90.201.148
854,Jerrold,Garratt,jgarrattnp@geocities.jp,Male,89.48.211.185
855,Ciel,Canland,ccanlandnq@yellowbook.com,Female,36.51.161.16
856,Dominik,Sawter,dsawternr@addthis.com,Male,230.171.193.183
857,Adoree,O'Caherny,aocahernyns@gnu.org,Female,16.244.192.80
858,Jeremie,Krammer,jkrammernt@stanford.edu,Male,18.144.131.234
859,Tanner,Larmour,tlarmournu@house.gov,Male,64.111.103.170
860,Arny,Vlasyuk,avlasyuknv@ed.gov,Male,230.28.210.237
861,Sarette,Gauntlett,sgauntlettnw@spiegel.de,Female,85.172.210.65
862,Jessika,Menis,jmenisnx@delicious.com,Female,138.206.3.2
863,Kiley,Jurasz,kjuraszny@sun.com,Male,114.122.122.31
864,Hersch,Pruvost,hpruvostnz@multiply.com,Male,191.229.188.204
865,Pearl,Sergent,psergento0@census.gov,Female,82.215.73.151
866,Marwin,Golda,mgoldao1@upenn.edu,Male,253.222.209.99
867,Concettina,Monnoyer,cmonnoyero2@free.fr,Female,31.104.211.189
868,Gill,Spurryer,gspurryero3@dailymotion.com,Female,22.2.45.43
869,Lissie,Tubridy,ltubridyo4@yellowpages.com,Female,146.221.62.188
870,Dwight,Gartsyde,dgartsydeo5@narod.ru,Male,158.42.92.236
871,Leanor,Thomtson,lthomtsono6@google.com.hk,Female,16.90.62.184
872,Mendy,Bearfoot,mbearfooto7@sogou.com,Male,71.55.156.59
873,Tybie,Egre,tegreo8@archive.org,Female,95.9.9.151
874,Corbett,Boichat,cboichato9@oakley.com,Male,108.153.91.185
875,Maddie,Rosenfeld,mrosenfeldoa@t.co,Male,174.120.92.50
876,Thane,Guerreau,tguerreauob@wikispaces.com,Male,245.40.11.236
877,Katey,Genese,kgeneseoc@cafepress.com,Female,78.189.51.82
878,Seth,Shackelton,sshackeltonod@macromedia.com,Male,203.65.128.151
879,Bentley,McGuff,bmcguffoe@utexas.edu,Male,191.139.241.139
880,Maxy,Matzeitis,mmatzeitisof@unicef.org,Male,35.93.144.94
881,Starla,Dimock,sdimockog@engadget.com,Female,81.98.10.24
882,Chet,Derrell,cderrelloh@msu.edu,Male,8.145.19.62
883,Anna-diana,Kittman,akittmanoi@indiegogo.com,Female,189.230.204.213
884,Benito,Purdie,bpurdieoj@jugem.jp,Male,145.4.41.244
885,Nelly,Nund,nnundok@usnews.com,Female,189.189.25.187
886,Ilsa,Giorgini,igiorginiol@weibo.com,Female,201.41.181.44
887,Emile,Trendle,etrendleom@wufoo.com,Male,93.150.85.104
888,Sascha,Syddon,ssyddonon@deliciousdays.com,Male,156.191.11.131
889,Jenica,Bes,jbesoo@mozilla.com,Female,0.216.103.130
890,Kilian,Baulcombe,kbaulcombeop@ning.com,Male,196.149.121.151
891,Janis,Barthelme,jbarthelmeoq@state.gov,Female,234.114.2.87
892,Shanda,Warnes,swarnesor@bbb.org,Female,72.85.83.30
893,Rafferty,Shelf,rshelfos@hexun.com,Male,132.122.21.142
894,Yolane,Lansdale,ylansdaleot@csmonitor.com,Female,142.198.69.205
895,Dorris,Brager,dbragerou@so-net.ne.jp,Female,227.222.199.205
896,Edgar,Stillgoe,estillgoeov@creativecommons.org,Male,190.112.194.130
897,Willie,Augustine,waugustineow@vinaora.com,Female,243.178.78.75
898,Oren,Sinclaire,osinclaireox@tuttocitta.it,Male,184.166.61.223
899,Meagan,Cholmondeley,mcholmondeleyoy@taobao.com,Female,210.82.133.175
900,Dugald,Rendbaek,drendbaekoz@springer.com,Male,233.143.51.30
901,Britta,Williment,bwillimentp0@google.ca,Female,144.173.241.238
902,Aidan,Gartsyde,agartsydep1@wisc.edu,Female,139.109.99.73
903,Keriann,Bryde,kbrydep2@chicagotribune.com,Female,173.248.196.205
904,Latashia,Ambrosi,lambrosip3@hostgator.com,Female,102.249.234.205
905,Cross,Earl,cearlp4@tripod.com,Male,33.247.176.155
906,Winonah,Caple,wcaplep5@theguardian.com,Female,3.102.142.63
907,Irina,Edgcombe,iedgcombep6@uol.com.br,Female,60.37.189.90
908,Sven,Sambells,ssambellsp7@smugmug.com,Male,222.20.206.198
909,Cassius,Siaspinski,csiaspinskip8@noaa.gov,Male,9.245.102.31
910,Alberta,Jolley,ajolleyp9@oakley.com,Female,74.130.148.182
911,Case,Capon,ccaponpa@google.cn,Male,127.208.139.85
912,Marchelle,Caselli,mcasellipb@ebay.com,Female,158.0.47.32
913,Bradly,Belfit,bbelfitpc@who.int,Male,150.42.161.145
914,Gaelan,Pardey,gpardeypd@ovh.net,Male,243.168.152.203
915,Broddie,Blader,bbladerpe@list-manage.com,Male,76.48.138.111
916,Hugh,Rabat,hrabatpf@cnbc.com,Male,89.224.185.12
917,Andris,Djokic,adjokicpg@businesswire.com,Male,96.106.194.247
918,Nikolas,Plaid,nplaidph@whitehouse.gov,Male,138.237.38.229
919,Lorrie,Wingrove,lwingrovepi@archive.org,Female,221.108.159.51
920,Craig,Albone,calbonepj@pcworld.com,Male,236.66.32.52
921,Nadean,Elloit,nelloitpk@blogs.com,Female,79.162.135.32
922,Jordain,Whettleton,jwhettletonpl@yelp.com,Female,116.14.148.168
923,Caz,Docwra,cdocwrapm@reddit.com,Male,241.219.3.228
924,Marylee,Slidders,mslidderspn@webnode.com,Female,89.114.51.247
925,Brok,Brundall,bbrundallpo@washingtonpost.com,Male,128.177.40.156
926,Karim,Doig,kdoigpp@economist.com,Male,44.187.42.244
927,Abigail,Eddowes,aeddowespq@nsw.gov.au,Female,156.195.220.209
928,Larry,Hakking,lhakkingpr@trellian.com,Male,139.110.234.201
929,Garwin,Reihm,greihmps@studiopress.com,Male,23.201.210.137
930,Marion,Costley,mcostleypt@umn.edu,Female,87.120.155.211
931,Randi,Lindgren,rlindgrenpu@webmd.com,Female,64.52.40.115
932,Burlie,Jime,bjimepv@sogou.com,Male,151.182.242.1
933,Dru,Chisnell,dchisnellpw@cdbaby.com,Male,114.0.241.206
934,Blinny,Sharp,bsharppx@illinois.edu,Female,86.243.44.128
935,Cosette,Goede,cgoedepy@netvibes.com,Female,119.196.63.122
936,Carleen,Darby,cdarbypz@cnn.com,Female,28.42.54.90
937,Cynthea,Einchcombe,ceinchcombeq0@yandex.ru,Female,203.185.111.6
938,Dominica,Fanti,dfantiq1@seesaa.net,Female,2.174.81.5
939,Kale,Cracie,kcracieq2@godaddy.com,Male,127.35.9.30
940,Forbes,Gager,fgagerq3@123-reg.co.uk,Male,42.232.197.244
941,Yolande,Halvorsen,yhalvorsenq4@columbia.edu,Female,160.5.89.91
942,Theo,Gavini,tgaviniq5@nationalgeographic.com,Male,117.203.26.236
943,Gustaf,McMylor,gmcmylorq6@webeden.co.uk,Male,115.206.203.178
944,Nikolai,Drake,ndrakeq7@lulu.com,Male,129.234.92.190
945,Glory,Nester,gnesterq8@cafepress.com,Female,23.203.120.15
946,Lezlie,Bartel,lbartelq9@phoca.cz,Female,169.111.94.183
947,Hagen,Magarrell,hmagarrellqa@barnesandnoble.com,Male,253.61.47.40
948,Chane,Olyff,colyffqb@sbwire.com,Male,152.231.170.192
949,Candra,Hawke,chawkeqc@statcounter.com,Female,185.89.234.126
950,Marcello,Chesney,mchesneyqd@seesaa.net,Male,171.166.173.203
951,Kliment,Gradon,kgradonqe@engadget.com,Male,7.234.117.240
952,Andrej,Cassidy,acassidyqf@google.nl,Male,163.156.247.215
953,Puff,Ledley,pledleyqg@mysql.com,Male,170.229.83.151
954,Alic,Toope,atoopeqh@jiathis.com,Male,28.2.160.128
955,Waverly,Stendell,wstendellqi@networkadvertising.org,Male,12.12.71.223
956,Karoline,Upex,kupexqj@cisco.com,Female,193.236.252.114
957,Darb,Perrington,dperringtonqk@bizjournals.com,Male,6.181.101.230
958,Candace,Fossey,cfosseyql@ebay.co.uk,Female,236.208.207.202
959,Creighton,Pachmann,cpachmannqm@indiegogo.com,Male,160.171.76.59
960,Roldan,Langdale,rlangdaleqn@tuttocitta.it,Male,192.29.24.123
961,Stella,Trudgeon,strudgeonqo@loc.gov,Female,77.162.109.155
962,Lenka,McKeag,lmckeagqp@devhub.com,Female,122.194.127.192
963,Karolina,Holligan,kholliganqq@google.com,Female,58.31.104.228
964,Muhammad,Proven,mprovenqr@ucsd.edu,Male,215.54.98.68
965,Rutherford,Ruffle,rruffleqs@examiner.com,Male,192.67.152.249
966,Octavius,Kenworthey,okenwortheyqt@tinyurl.com,Male,178.78.192.151
967,Dorita,Bradman,dbradmanqu@tiny.cc,Female,152.26.85.184
968,Ferrel,Corsar,fcorsarqv@sbwire.com,Male,48.164.97.189
969,Noland,Simla,nsimlaqw@adobe.com,Male,255.29.208.204
970,Eleonora,Buxy,ebuxyqx@list-manage.com,Female,244.18.144.79
971,Maia,Ponte,mponteqy@jugem.jp,Female,242.167.190.8
972,Barron,McCromley,bmccromleyqz@bing.com,Male,206.121.175.129
973,Neall,Gandy,ngandyr0@1und1.de,Male,62.50.80.41
974,Gerta,Dronsfield,gdronsfieldr1@phpbb.com,Female,49.176.224.21
975,Margarethe,Casetti,mcasettir2@sfgate.com,Female,82.152.181.28
976,Haley,Musslewhite,hmusslewhiter3@theguardian.com,Male,194.196.22.99
977,Sargent,Larkin,slarkinr4@opensource.org,Male,6.108.25.157
978,Yorke,Burkart,yburkartr5@chicagotribune.com,Male,125.111.80.66
979,Fidel,Chinnery,fchinneryr6@purevolume.com,Male,14.79.212.249
980,Ruddy,Wilkins,rwilkinsr7@home.pl,Male,170.194.35.181
981,Harper,Raulston,hraulstonr8@jalbum.net,Male,101.207.114.220
982,Helene,Armin,harminr9@sina.com.cn,Female,202.139.155.185
983,Rouvin,Suche,rsuchera@about.me,Male,94.175.125.22
984,Billie,Cowlard,bcowlardrb@tinyurl.com,Male,132.233.146.228
985,Land,Giggie,lgiggierc@mediafire.com,Male,220.102.49.107
986,Reube,Murrison,rmurrisonrd@reverbnation.com,Male,191.135.200.145
987,Zeke,Bastable,zbastablere@fotki.com,Male,139.241.24.181
988,Clari,Micklewright,cmicklewrightrf@pagesperso-orange.fr,Female,140.78.190.74
989,Brockie,Preshaw,bpreshawrg@cargocollective.com,Male,138.239.79.24
990,Rosalia,Leads,rleadsrh@reverbnation.com,Female,77.156.163.59
991,Pace,Iczokvitz,piczokvitzri@flavors.me,Male,21.4.203.49
992,Davis,Gowdie,dgowdierj@soundcloud.com,Male,77.64.177.171
993,Zabrina,Fri,zfrirk@360.cn,Female,66.68.215.194
994,Raimundo,Loody,rloodyrl@wp.com,Male,2.141.0.167
995,Georas,Ware,gwarerm@mashable.com,Male,89.156.96.193
996,Phylis,Blinerman,pblinermanrn@arstechnica.com,Female,169.113.217.224
997,Brittni,Kubiczek,bkubiczekro@icio.us,Female,21.19.127.68
998,Stephannie,Randle,srandlerp@harvard.edu,Female,9.3.80.206
999,Nickolai,Gawkes,ngawkesrq@virginia.edu,Male,222.249.179.21
1000,Noel,Edgeworth,nedgeworthrr@xinhuanet.com,Female,170.162.242.83
